<?xml version="1.0" encoding="UTF-8"?>
<project-private xmlns="http://www.netbeans.org/ns/project-private/1">
    <editor-bookmarks xmlns="http://www.netbeans.org/ns/editor-bookmarks/2" lastBookmarkId="0"/>
    <open-files xmlns="http://www.netbeans.org/ns/projectui-open-files/2">
        <group>
            <file>file:/C:/Users/HP/Documents/NetBeansProjects/TugasSittiHajra/src/Scanner/MenghitungKelilingLingkaran.java</file>
            <file>file:/C:/Users/HP/Documents/NetBeansProjects/TugasSittiHajra/src/Scanner/MenghitungLuasJajargenjang.java</file>
            <file>file:/C:/Users/HP/Documents/NetBeansProjects/TugasSittiHajra/src/Scanner/MenghitungLuasPersegipanjang.java</file>
            <file>file:/C:/Users/HP/Documents/NetBeansProjects/TugasSittiHajra/src/Scanner/MenghitungLuasLingkaran.java</file>
            <file>file:/C:/Users/HP/Documents/NetBeansProjects/TugasSittiHajra/src/Scanner/MenghitungKelilingJajargenjang.java</file>
            <file>file:/C:/Users/HP/Documents/NetBeansProjects/TugasSittiHajra/src/Scanner/MenghitungKelilingPersegipanjang.java</file>
        </group>
    </open-files>
</project-private>
